<?xml version="1.0" encoding="UTF-8"?>
<project-private xmlns="http://www.netbeans.org/ns/project-private/1">
    <editor-bookmarks xmlns="http://www.netbeans.org/ns/editor-bookmarks/2" lastBookmarkId="0"/>
    <open-files xmlns="http://www.netbeans.org/ns/projectui-open-files/2">
        <group name="NetBeansProjects"/>
        <group>
            <file>file:/C:/Users/Breno/OneDrive/NetBeansProjects/Compilador/src/Compilador/Lexer.java</file>
            <file>file:/C:/Users/Breno/OneDrive/NetBeansProjects/Compilador/src/Compilador/especificacao.flex</file>
            <file>file:/C:/Users/Breno/OneDrive/NetBeansProjects/Compilador/src/Compilador/TesteAnalisador.java</file>
            <file>file:/C:/Users/Breno/OneDrive/NetBeansProjects/Compilador/src/Compilador/GeraLexer.java</file>
        </group>
    </open-files>
</project-private>
