<?xml version="1.0" encoding="UTF-8"?>
<project-private xmlns="http://www.netbeans.org/ns/project-private/1">
    <editor-bookmarks xmlns="http://www.netbeans.org/ns/editor-bookmarks/2" lastBookmarkId="0"/>
    <open-files xmlns="http://www.netbeans.org/ns/projectui-open-files/2">
        <group>
            <file>file:/C:/Compiladores/Unidade3/Unidade3/src/ExemploCUP/gera_analisador_sintatico.bat</file>
            <file>file:/C:/Compiladores/Unidade3/Unidade3/src/ExemploCUP/AnalisadorSintatico.java</file>
            <file>file:/C:/Compiladores/Unidade3/Unidade3/src/ExemploCUP/Gera_Lexer.java</file>
            <file>file:/C:/Compiladores/Unidade3/Unidade3/src/ExemploCUP/sintatico.cup</file>
            <file>file:/C:/Compiladores/Unidade3/Unidade3/src/ExemploCUP/lexico.flex</file>
            <file>file:/C:/Compiladores/Unidade3/Unidade3/src/ExemploCUP/Sym.java</file>
            <file>file:/C:/Compiladores/Unidade3/Unidade3/src/ExemploCUP/Main.java</file>
        </group>
    </open-files>
</project-private>
